{
  "type": "FeatureCollection",
  "features": [
    {
      "type": "Feature",
      "geometry": {
        "type": "Polygon",
        "coordinates": [
          [
            [
              110.4411589,
              -7.062862
            ],
            [
              110.4410005,
              -7.0628537
            ],
            [
              110.4408684,
              -7.0628338
            ],
            [
              110.4405751,
              -7.0628041
            ],
            [
              110.440252,
              -7.0627809
            ],
            [
              110.4400407,
              -7.0627578
            ],
            [
              110.4397199,
              -7.0627282
            ],
            [
              110.439377,
              -7.0626562
            ],
            [
              110.4390292,
              -7.0626134
            ],
            [
              110.4386854,
              -7.0625527
            ],
            [
              110.4384777,
              -7.0625211
            ],
            [
              110.4384672,
              -7.0625659
            ],
            [
              110.4384507,
              -7.0625863
            ],
            [
              110.4383667,
              -7.062845
            ],
            [
              110.4382252,
              -7.0628114
            ],
            [
              110.4380082,
              -7.0627827
            ],
            [
              110.43786,
              -7.06277
            ],
            [
              110.43767,
              -7.06257
            ],
            [
              110.43758,
              -7.06246
            ],
            [
              110.43674,
              -7.06222
            ],
            [
              110.436,
              -7.06208
            ],
            [
              110.4357734,
              -7.0620247
            ],
            [
              110.43574,
              -7.0615018
            ],
            [
              110.43563,
              -7.06081
            ],
            [
              110.435538,
              -7.060296
            ],
            [
              110.4354576,
              -7.0595867
            ],
            [
              110.43538,
              -7.0591
            ],
            [
              110.4353379,
              -7.059
            ],
            [
              110.435281,
              -7.0587754
            ],
            [
              110.4352024,
              -7.0585073
            ],
            [
              110.4348237,
              -7.0583017
            ],
            [
              110.4345455,
              -7.0580919
            ],
            [
              110.4342244,
              -7.0578013
            ],
            [
              110.434134,
              -7.0576951
            ],
            [
              110.434003,
              -7.0575503
            ],
            [
              110.4338365,
              -7.0572856
            ],
            [
              110.4335603,
              -7.0568611
            ],
            [
              110.4333888,
              -7.0565621
            ],
            [
              110.4331574,
              -7.0559968
            ],
            [
              110.4329892,
              -7.0557425
            ],
            [
              110.4328993,
              -7.0555916
            ],
            [
              110.4328417,
              -7.055495
            ],
            [
              110.4326135,
              -7.0551564
            ],
            [
              110.4324592,
              -7.0548609
            ],
            [
              110.4323015,
              -7.0544863
            ],
            [
              110.4321852,
              -7.0542079
            ],
            [
              110.432125,
              -7.0540149
            ],
            [
              110.4320133,
              -7.0540051
            ],
            [
              110.43196,
              -7.05401
            ],
            [
              110.43101,
              -7.05401
            ],
            [
              110.43081,
              -7.05401
            ],
            [
              110.43068,
              -7.05396
            ],
            [
              110.43057,
              -7.05387
            ],
            [
              110.43032,
              -7.05367
            ],
            [
              110.43018,
              -7.05355
            ],
            [
              110.4299829,
              -7.0533779
            ],
            [
              110.43101,
              -7.05281
            ],
            [
              110.43122,
              -7.05271
            ],
            [
              110.43162,
              -7.05249
            ],
            [
              110.43182,
              -7.05235
            ],
            [
              110.432,
              -7.05222
            ],
            [
              110.43233,
              -7.05192
            ],
            [
              110.43259,
              -7.05168
            ],
            [
              110.43306,
              -7.05105
            ],
            [
              110.43314,
              -7.05088
            ],
            [
              110.43359,
              -7.04988
            ],
            [
              110.43369,
              -7.04962
            ],
            [
              110.43375,
              -7.04946
            ],
            [
              110.43435,
              -7.04795
            ],
            [
              110.4346,
              -7.04731
            ],
            [
              110.43467,
              -7.04713
            ],
            [
              110.4347189,
              -7.0469629
            ],
            [
              110.4348803,
              -7.0461979
            ],
            [
              110.4348964,
              -7.0454206
            ],
            [
              110.4342097,
              -7.0421144
            ],
            [
              110.433963,
              -7.0409431
            ],
            [
              110.4395634,
              -7.0410816
            ],
            [
              110.4414544,
              -7.0405039
            ],
            [
              110.442023,
              -7.0404453
            ],
            [
              110.4425407,
              -7.0401392
            ],
            [
              110.4431093,
              -7.040637
            ],
            [
              110.4434818,
              -7.040894
            ],
            [
              110.4435492,
              -7.0409405
            ],
            [
              110.4436887,
              -7.0411614
            ],
            [
              110.4438013,
              -7.0413451
            ],
            [
              110.4439676,
              -7.0414862
            ],
            [
              110.4441259,
              -7.0415501
            ],
            [
              110.4447669,
              -7.0412785
            ],
            [
              110.4449734,
              -7.041007
            ],
            [
              110.4449573,
              -7.040842
            ],
            [
              110.4450378,
              -7.0406024
            ],
            [
              110.4451183,
              -7.0403202
            ],
            [
              110.4450593,
              -7.0399795
            ],
            [
              110.4453114,
              -7.0397027
            ],
            [
              110.4459605,
              -7.0407674
            ],
            [
              110.4466471,
              -7.0419707
            ],
            [
              110.4472265,
              -7.0434188
            ],
            [
              110.447205,
              -7.0440257
            ],
            [
              110.4474518,
              -7.0446752
            ],
            [
              110.4477737,
              -7.0454419
            ],
            [
              110.4477522,
              -7.0458039
            ],
            [
              110.44772,
              -7.0460594
            ],
            [
              110.4474101,
              -7.0463801
            ],
            [
              110.4475049,
              -7.0465654
            ],
            [
              110.4475415,
              -7.0465994
            ],
            [
              110.4475409,
              -7.0466077
            ],
            [
              110.4473309,
              -7.0470281
            ],
            [
              110.447326,
              -7.0472132
            ],
            [
              110.4473685,
              -7.0473794
            ],
            [
              110.4475678,
              -7.0476408
            ],
            [
              110.4475269,
              -7.0480846
            ],
            [
              110.4477832,
              -7.0483176
            ],
            [
              110.4479922,
              -7.048427
            ],
            [
              110.4480444,
              -7.0485315
            ],
            [
              110.4480344,
              -7.0489255
            ],
            [
              110.4482478,
              -7.0492534
            ],
            [
              110.448409,
              -7.0496049
            ],
            [
              110.4483515,
              -7.0499548
            ],
            [
              110.4482,
              -7.0500736
            ],
            [
              110.4481426,
              -7.0501829
            ],
            [
              110.448158,
              -7.0503027
            ],
            [
              110.4481723,
              -7.0503339
            ],
            [
              110.4481684,
              -7.0503339
            ],
            [
              110.4481683,
              -7.0504432
            ],
            [
              110.448142,
              -7.0506671
            ],
            [
              110.4479749,
              -7.0509792
            ],
            [
              110.447766,
              -7.0513382
            ],
            [
              110.4476146,
              -7.0515567
            ],
            [
              110.4474842,
              -7.0516658
            ],
            [
              110.4472496,
              -7.0517697
            ],
            [
              110.4470098,
              -7.051811
            ],
            [
              110.4469113,
              -7.0517907
            ],
            [
              110.4468448,
              -7.0517946
            ],
            [
              110.4468993,
              -7.0520887
            ],
            [
              110.4469422,
              -7.0523549
            ],
            [
              110.4469046,
              -7.052669
            ],
            [
              110.4466847,
              -7.0530736
            ],
            [
              110.446273,
              -7.053421
            ],
            [
              110.4451438,
              -7.0539068
            ],
            [
              110.4430723,
              -7.0548902
            ],
            [
              110.4430271,
              -7.0548933
            ],
            [
              110.4408019,
              -7.0559303
            ],
            [
              110.4409188,
              -7.0560943
            ],
            [
              110.440942,
              -7.0562757
            ],
            [
              110.4409476,
              -7.0565156
            ],
            [
              110.4409474,
              -7.0566677
            ],
            [
              110.4413514,
              -7.0567618
            ],
            [
              110.4416366,
              -7.0568305
            ],
            [
              110.4416436,
              -7.0568356
            ],
            [
              110.4417261,
              -7.0568441
            ],
            [
              110.442493,
              -7.0570441
            ],
            [
              110.44279,
              -7.05706
            ],
            [
              110.4428861,
              -7.057076
            ],
            [
              110.4429732,
              -7.0570679
            ],
            [
              110.4429376,
              -7.0574833
            ],
            [
              110.442855,
              -7.0579629
            ],
            [
              110.4427726,
              -7.0582905
            ],
            [
              110.4426375,
              -7.058694
            ],
            [
              110.4424732,
              -7.0589688
            ],
            [
              110.4423293,
              -7.0592875
            ],
            [
              110.4422412,
              -7.0595214
            ],
            [
              110.4421295,
              -7.0598664
            ],
            [
              110.4420304,
              -7.0601229
            ],
            [
              110.4418855,
              -7.0606881
            ],
            [
              110.4418371,
              -7.0607563
            ],
            [
              110.44165,
              -7.06116
            ],
            [
              110.44153,
              -7.06139
            ],
            [
              110.44146,
              -7.06156
            ],
            [
              110.4414,
              -7.06171
            ],
            [
              110.44132,
              -7.06187
            ],
            [
              110.44124,
              -7.06217
            ],
            [
              110.44121,
              -7.06242
            ],
            [
              110.4411589,
              -7.062862
            ]
          ]
        ]
      },
      "properties": {
        "kelurahan": "Tembalang",
        "jumlah_penduduk": 6111,
        "laju_pertumbuhan_persen_2010_2020": -4.84,
        "luas_km2": 3.006,
        "kepadatan_per_km2": 2032.9
      }
    },
    {
      "type": "Feature",
      "geometry": {
        "type": "Polygon",
        "coordinates": [
          [
            [
              110.448158,
              -7.0503027
            ],
            [
              110.4481723,
              -7.0503339
            ],
            [
              110.4481684,
              -7.0503339
            ],
            [
              110.4481683,
              -7.0504432
            ],
            [
              110.448142,
              -7.0506671
            ],
            [
              110.4479749,
              -7.0509792
            ],
            [
              110.447766,
              -7.0513382
            ],
            [
              110.4476146,
              -7.0515567
            ],
            [
              110.4474842,
              -7.0516658
            ],
            [
              110.4472496,
              -7.0517697
            ],
            [
              110.4470098,
              -7.051811
            ],
            [
              110.4469113,
              -7.0517907
            ],
            [
              110.4468448,
              -7.0517946
            ],
            [
              110.4468993,
              -7.0520887
            ],
            [
              110.4469422,
              -7.0523549
            ],
            [
              110.4469046,
              -7.052669
            ],
            [
              110.4466847,
              -7.0530736
            ],
            [
              110.446273,
              -7.053421
            ],
            [
              110.4451438,
              -7.0539068
            ],
            [
              110.4430723,
              -7.0548902
            ],
            [
              110.4430271,
              -7.0548933
            ],
            [
              110.4408019,
              -7.0559303
            ],
            [
              110.4409188,
              -7.0560943
            ],
            [
              110.440942,
              -7.0562757
            ],
            [
              110.4409476,
              -7.0565156
            ],
            [
              110.4409474,
              -7.0566677
            ],
            [
              110.4413514,
              -7.0567618
            ],
            [
              110.4416366,
              -7.0568305
            ],
            [
              110.4416436,
              -7.0568356
            ],
            [
              110.4417261,
              -7.0568441
            ],
            [
              110.442493,
              -7.0570441
            ],
            [
              110.44279,
              -7.05706
            ],
            [
              110.4428861,
              -7.057076
            ],
            [
              110.4429732,
              -7.0570679
            ],
            [
              110.4429376,
              -7.0574833
            ],
            [
              110.442855,
              -7.0579629
            ],
            [
              110.4427726,
              -7.0582905
            ],
            [
              110.4426375,
              -7.058694
            ],
            [
              110.4424732,
              -7.0589688
            ],
            [
              110.4423293,
              -7.0592875
            ],
            [
              110.4422412,
              -7.0595214
            ],
            [
              110.4421295,
              -7.0598664
            ],
            [
              110.4420304,
              -7.0601229
            ],
            [
              110.4418855,
              -7.0606881
            ],
            [
              110.4418371,
              -7.0607563
            ],
            [
              110.44165,
              -7.06116
            ],
            [
              110.44153,
              -7.06139
            ],
            [
              110.44146,
              -7.06156
            ],
            [
              110.4414,
              -7.06171
            ],
            [
              110.44132,
              -7.06187
            ],
            [
              110.44124,
              -7.06217
            ],
            [
              110.44121,
              -7.06242
            ],
            [
              110.4411589,
              -7.062862
            ],
            [
              110.4410005,
              -7.0628537
            ],
            [
              110.4408684,
              -7.0628338
            ],
            [
              110.4405751,
              -7.0628041
            ],
            [
              110.440252,
              -7.0627809
            ],
            [
              110.4400407,
              -7.0627578
            ],
            [
              110.4397199,
              -7.0627282
            ],
            [
              110.439377,
              -7.0626562
            ],
            [
              110.4390292,
              -7.0626134
            ],
            [
              110.4386854,
              -7.0625527
            ],
            [
              110.4384777,
              -7.0625211
            ],
            [
              110.4384672,
              -7.0625659
            ],
            [
              110.4384507,
              -7.0625863
            ],
            [
              110.4383667,
              -7.062845
            ],
            [
              110.4382252,
              -7.0628114
            ],
            [
              110.4380082,
              -7.0627827
            ],
            [
              110.43786,
              -7.06277
            ],
            [
              110.43767,
              -7.06257
            ],
            [
              110.43758,
              -7.06246
            ],
            [
              110.43674,
              -7.06222
            ],
            [
              110.436,
              -7.06208
            ],
            [
              110.4357734,
              -7.0620247
            ],
            [
              110.4357961,
              -7.0623927
            ],
            [
              110.4358995,
              -7.06267
            ],
            [
              110.4360082,
              -7.0628514
            ],
            [
              110.4361509,
              -7.0629954
            ],
            [
              110.4363896,
              -7.0631321
            ],
            [
              110.436768,
              -7.0632907
            ],
            [
              110.4373161,
              -7.0634727
            ],
            [
              110.4376548,
              -7.0635588
            ],
            [
              110.4378731,
              -7.0636042
            ],
            [
              110.4379982,
              -7.0636682
            ],
            [
              110.4381149,
              -7.06376
            ],
            [
              110.438152,
              -7.0638353
            ],
            [
              110.4381604,
              -7.0640155
            ],
            [
              110.4381561,
              -7.0641725
            ],
            [
              110.4381355,
              -7.0644564
            ],
            [
              110.4381571,
              -7.0646919
            ],
            [
              110.4381997,
              -7.0650065
            ],
            [
              110.4388665,
              -7.0650448
            ],
            [
              110.440626,
              -7.0652684
            ],
            [
              110.4407105,
              -7.0650635
            ],
            [
              110.4414293,
              -7.06515
            ],
            [
              110.442006,
              -7.0652139
            ],
            [
              110.443858,
              -7.0659658
            ],
            [
              110.4438218,
              -7.0662413
            ],
            [
              110.443913,
              -7.0665022
            ],
            [
              110.4440847,
              -7.0666726
            ],
            [
              110.4441625,
              -7.066819
            ],
            [
              110.4440579,
              -7.0672768
            ],
            [
              110.4440203,
              -7.0674019
            ],
            [
              110.4440954,
              -7.0675164
            ],
            [
              110.4443422,
              -7.0674445
            ],
            [
              110.444605,
              -7.0674365
            ],
            [
              110.4449269,
              -7.067535
            ],
            [
              110.4450637,
              -7.0676228
            ],
            [
              110.4455733,
              -7.0676601
            ],
            [
              110.4457289,
              -7.0676868
            ],
            [
              110.4458791,
              -7.0677293
            ],
            [
              110.4462909,
              -7.0677998
            ],
            [
              110.4466462,
              -7.0679555
            ],
            [
              110.4475206,
              -7.0682111
            ],
            [
              110.4480789,
              -7.0683727
            ],
            [
              110.4485506,
              -7.0685092
            ],
            [
              110.4499238,
              -7.0688765
            ],
            [
              110.450986,
              -7.069132
            ],
            [
              110.4510879,
              -7.068062
            ],
            [
              110.4511657,
              -7.0673354
            ],
            [
              110.4512999,
              -7.0663825
            ],
            [
              110.4520348,
              -7.0657223
            ],
            [
              110.4525712,
              -7.065488
            ],
            [
              110.4536709,
              -7.0650462
            ],
            [
              110.4542825,
              -7.0648545
            ],
            [
              110.4562742,
              -7.0641925
            ],
            [
              110.4568994,
              -7.063948
            ],
            [
              110.4581378,
              -7.0634459
            ],
            [
              110.4588255,
              -7.0631799
            ],
            [
              110.4590445,
              -7.063014
            ],
            [
              110.459106,
              -7.0628129
            ],
            [
              110.4593253,
              -7.0625158
            ],
            [
              110.4595969,
              -7.0623499
            ],
            [
              110.459886,
              -7.0621665
            ],
            [
              110.4600701,
              -7.0619481
            ],
            [
              110.4602105,
              -7.0617033
            ],
            [
              110.460552,
              -7.061695
            ],
            [
              110.4607182,
              -7.0618439
            ],
            [
              110.4608739,
              -7.0618211
            ],
            [
              110.4609364,
              -7.061766
            ],
            [
              110.4611213,
              -7.0615032
            ],
            [
              110.4614106,
              -7.0611887
            ],
            [
              110.4616824,
              -7.0608129
            ],
            [
              110.4617966,
              -7.0605156
            ],
            [
              110.4618592,
              -7.0602843
            ],
            [
              110.4624048,
              -7.0603229
            ],
            [
              110.4624305,
              -7.0601648
            ],
            [
              110.4624425,
              -7.0599102
            ],
            [
              110.4624568,
              -7.0597362
            ],
            [
              110.4624728,
              -7.0595783
            ],
            [
              110.462441,
              -7.0593961
            ],
            [
              110.4624131,
              -7.0590356
            ],
            [
              110.4623819,
              -7.058862
            ],
            [
              110.4625405,
              -7.0585659
            ],
            [
              110.4626753,
              -7.0584007
            ],
            [
              110.4627571,
              -7.0582603
            ],
            [
              110.4628586,
              -7.0579015
            ],
            [
              110.4629565,
              -7.057527
            ],
            [
              110.463011,
              -7.0573541
            ],
            [
              110.4634089,
              -7.0571833
            ],
            [
              110.4638395,
              -7.056925
            ],
            [
              110.4637715,
              -7.0565983
            ],
            [
              110.4637066,
              -7.0563438
            ],
            [
              110.4637026,
              -7.0560674
            ],
            [
              110.4637091,
              -7.0558126
            ],
            [
              110.4637289,
              -7.0554332
            ],
            [
              110.4639449,
              -7.0547073
            ],
            [
              110.4639975,
              -7.0543768
            ],
            [
              110.4640085,
              -7.0541985
            ],
            [
              110.4639711,
              -7.0539132
            ],
            [
              110.4639492,
              -7.0536371
            ],
            [
              110.4640383,
              -7.0534501
            ],
            [
              110.4641513,
              -7.0532248
            ],
            [
              110.4642289,
              -7.0530734
            ],
            [
              110.4643147,
              -7.0529385
            ],
            [
              110.464487,
              -7.052776
            ],
            [
              110.4645838,
              -7.0526326
            ],
            [
              110.4646213,
              -7.0525708
            ],
            [
              110.4647554,
              -7.0525403
            ],
            [
              110.4649125,
              -7.052424
            ],
            [
              110.4649837,
              -7.0523408
            ],
            [
              110.4649735,
              -7.0522256
            ],
            [
              110.4649997,
              -7.0521229
            ],
            [
              110.4647961,
              -7.0521001
            ],
            [
              110.4645027,
              -7.051854
            ],
            [
              110.4644553,
              -7.0517112
            ],
            [
              110.4647809,
              -7.0515609
            ],
            [
              110.4648128,
              -7.0513785
            ],
            [
              110.464686,
              -7.0512436
            ],
            [
              110.4644722,
              -7.0507517
            ],
            [
              110.4643399,
              -7.050492
            ],
            [
              110.464117,
              -7.0502768
            ],
            [
              110.4638231,
              -7.0501422
            ],
            [
              110.463378,
              -7.0501082
            ],
            [
              110.4631429,
              -7.0500324
            ],
            [
              110.4629919,
              -7.0498896
            ],
            [
              110.4626394,
              -7.0496962
            ],
            [
              110.4624546,
              -7.0496708
            ],
            [
              110.4622278,
              -7.0497292
            ],
            [
              110.4621769,
              -7.0501739
            ],
            [
              110.4620928,
              -7.0502661
            ],
            [
              110.4619582,
              -7.0503751
            ],
            [
              110.4617567,
              -7.0503077
            ],
            [
              110.4616728,
              -7.0502237
            ],
            [
              110.4613789,
              -7.0501646
            ],
            [
              110.4610513,
              -7.0502397
            ],
            [
              110.460942,
              -7.0503068
            ],
            [
              110.4608577,
              -7.0505836
            ],
            [
              110.4605552,
              -7.0506587
            ],
            [
              110.460446,
              -7.0507341
            ],
            [
              110.4601773,
              -7.0506499
            ],
            [
              110.4597072,
              -7.0504144
            ],
            [
              110.4593545,
              -7.0503888
            ],
            [
              110.4587245,
              -7.0504217
            ],
            [
              110.4584473,
              -7.0503878
            ],
            [
              110.4583467,
              -7.0502954
            ],
            [
              110.4583468,
              -7.0501611
            ],
            [
              110.4583469,
              -7.0500772
            ],
            [
              110.4581874,
              -7.0499847
            ],
            [
              110.4579187,
              -7.0499508
            ],
            [
              110.4577173,
              -7.0498331
            ],
            [
              110.4576502,
              -7.0497324
            ],
            [
              110.4572556,
              -7.0495976
            ],
            [
              110.4560915,
              -7.0495763
            ],
            [
              110.4548931,
              -7.0494401
            ],
            [
              110.4545597,
              -7.0494397
            ],
            [
              110.4542183,
              -7.0494948
            ],
            [
              110.4520186,
              -7.0494777
            ],
            [
              110.4511961,
              -7.0495727
            ],
            [
              110.4502161,
              -7.0497627
            ],
            [
              110.4481884,
              -7.0502966
            ],
            [
              110.448158,
              -7.0503027
            ]
          ]
        ]
      },
      "properties": {
        "kelurahan": "Bulusan",
        "jumlah_penduduk": 6736,
        "laju_pertumbuhan_persen_2010_2020": 0.98,
        "luas_km2": 3.911,
        "kepadatan_per_km2": 1722.4
      }
    },
    {
      "type": "Feature",
      "geometry": {
        "type": "Polygon",
        "coordinates": [
          [
            [
              110.4475415,
              -7.0465994
            ],
            [
              110.4475409,
              -7.0466077
            ],
            [
              110.4473309,
              -7.0470281
            ],
            [
              110.447326,
              -7.0472132
            ],
            [
              110.4473685,
              -7.0473794
            ],
            [
              110.4475678,
              -7.0476408
            ],
            [
              110.4475269,
              -7.0480846
            ],
            [
              110.4477832,
              -7.0483176
            ],
            [
              110.4479922,
              -7.048427
            ],
            [
              110.4480444,
              -7.0485315
            ],
            [
              110.4480344,
              -7.0489255
            ],
            [
              110.4482478,
              -7.0492534
            ],
            [
              110.448409,
              -7.0496049
            ],
            [
              110.4483515,
              -7.0499548
            ],
            [
              110.4482,
              -7.0500736
            ],
            [
              110.4481426,
              -7.0501829
            ],
            [
              110.448158,
              -7.0503027
            ],
            [
              110.4481884,
              -7.0502966
            ],
            [
              110.4502161,
              -7.0497627
            ],
            [
              110.4511961,
              -7.0495727
            ],
            [
              110.4520186,
              -7.0494777
            ],
            [
              110.4542183,
              -7.0494948
            ],
            [
              110.4545597,
              -7.0494397
            ],
            [
              110.4548931,
              -7.0494401
            ],
            [
              110.4560915,
              -7.0495763
            ],
            [
              110.4572556,
              -7.0495976
            ],
            [
              110.4576502,
              -7.0497324
            ],
            [
              110.4577173,
              -7.0498331
            ],
            [
              110.4579187,
              -7.0499508
            ],
            [
              110.4581874,
              -7.0499847
            ],
            [
              110.4583469,
              -7.0500772
            ],
            [
              110.4583468,
              -7.0501611
            ],
            [
              110.4583467,
              -7.0502954
            ],
            [
              110.4584473,
              -7.0503878
            ],
            [
              110.4587245,
              -7.0504217
            ],
            [
              110.4593545,
              -7.0503888
            ],
            [
              110.4597072,
              -7.0504144
            ],
            [
              110.4601773,
              -7.0506499
            ],
            [
              110.460446,
              -7.0507341
            ],
            [
              110.4605552,
              -7.0506587
            ],
            [
              110.4608577,
              -7.0505836
            ],
            [
              110.460942,
              -7.0503068
            ],
            [
              110.4610513,
              -7.0502397
            ],
            [
              110.4613789,
              -7.0501646
            ],
            [
              110.4616728,
              -7.0502237
            ],
            [
              110.4617567,
              -7.0503077
            ],
            [
              110.4619582,
              -7.0503751
            ],
            [
              110.4620928,
              -7.0502661
            ],
            [
              110.4621769,
              -7.0501739
            ],
            [
              110.4622278,
              -7.0497292
            ],
            [
              110.4624546,
              -7.0496708
            ],
            [
              110.4626394,
              -7.0496962
            ],
            [
              110.4629919,
              -7.0498896
            ],
            [
              110.4631429,
              -7.0500324
            ],
            [
              110.463378,
              -7.0501082
            ],
            [
              110.4638231,
              -7.0501422
            ],
            [
              110.464117,
              -7.0502768
            ],
            [
              110.4643399,
              -7.050492
            ],
            [
              110.4644722,
              -7.0507517
            ],
            [
              110.464686,
              -7.0512436
            ],
            [
              110.4648128,
              -7.0513785
            ],
            [
              110.4647809,
              -7.0515609
            ],
            [
              110.4644553,
              -7.0517112
            ],
            [
              110.4645027,
              -7.051854
            ],
            [
              110.4647961,
              -7.0521001
            ],
            [
              110.4649997,
              -7.0521229
            ],
            [
              110.4652628,
              -7.05218
            ],
            [
              110.4653316,
              -7.0522056
            ],
            [
              110.4655251,
              -7.0522253
            ],
            [
              110.4656873,
              -7.0522087
            ],
            [
              110.4665528,
              -7.0521526
            ],
            [
              110.4670162,
              -7.0520915
            ],
            [
              110.4670482,
              -7.0520984
            ],
            [
              110.4674618,
              -7.0521677
            ],
            [
              110.4680132,
              -7.0523337
            ],
            [
              110.4686196,
              -7.0526374
            ],
            [
              110.4688859,
              -7.0527762
            ],
            [
              110.4689641,
              -7.0528169
            ],
            [
              110.4693087,
              -7.0529688
            ],
            [
              110.469667,
              -7.0531621
            ],
            [
              110.4699427,
              -7.0532864
            ],
            [
              110.4702458,
              -7.0534658
            ],
            [
              110.4704525,
              -7.0535901
            ],
            [
              110.4707558,
              -7.0536593
            ],
            [
              110.4711003,
              -7.0538663
            ],
            [
              110.4712769,
              -7.0538751
            ],
            [
              110.4712523,
              -7.0536461
            ],
            [
              110.4712253,
              -7.0531088
            ],
            [
              110.4713912,
              -7.0526957
            ],
            [
              110.4714642,
              -7.0525095
            ],
            [
              110.4715994,
              -7.0520532
            ],
            [
              110.4716545,
              -7.0515388
            ],
            [
              110.4717088,
              -7.0508444
            ],
            [
              110.4716833,
              -7.050547
            ],
            [
              110.471678,
              -7.0503741
            ],
            [
              110.4714394,
              -7.0499267
            ],
            [
              110.4710263,
              -7.0491583
            ],
            [
              110.470228,
              -7.0479316
            ],
            [
              110.4701645,
              -7.047834
            ],
            [
              110.4697395,
              -7.0471719
            ],
            [
              110.4693216,
              -7.046544
            ],
            [
              110.4689614,
              -7.0459987
            ],
            [
              110.4686308,
              -7.0455375
            ],
            [
              110.468324,
              -7.0449937
            ],
            [
              110.4678754,
              -7.0442843
            ],
            [
              110.4676983,
              -7.0440615
            ],
            [
              110.4671256,
              -7.0432733
            ],
            [
              110.4668896,
              -7.0428004
            ],
            [
              110.4671194,
              -7.0425493
            ],
            [
              110.4672497,
              -7.0423486
            ],
            [
              110.4672973,
              -7.0420651
            ],
            [
              110.4673451,
              -7.0416398
            ],
            [
              110.467677,
              -7.0409431
            ],
            [
              110.46824,
              -7.0398391
            ],
            [
              110.4683705,
              -7.0394848
            ],
            [
              110.4684067,
              -7.0389059
            ],
            [
              110.4683961,
              -7.0383968
            ],
            [
              110.4683954,
              -7.0383624
            ],
            [
              110.4683442,
              -7.0379034
            ],
            [
              110.4683265,
              -7.0376814
            ],
            [
              110.4683092,
              -7.0376837
            ],
            [
              110.4683019,
              -7.0374171
            ],
            [
              110.4683265,
              -7.0366256
            ],
            [
              110.4683743,
              -7.0363511
            ],
            [
              110.4682584,
              -7.0362944
            ],
            [
              110.4679811,
              -7.0361731
            ],
            [
              110.4678664,
              -7.0361434
            ],
            [
              110.4678304,
              -7.0361051
            ],
            [
              110.4676412,
              -7.0360577
            ],
            [
              110.4675823,
              -7.0358568
            ],
            [
              110.4676303,
              -7.0352188
            ],
            [
              110.4676311,
              -7.0345099
            ],
            [
              110.4674831,
              -7.0342349
            ],
            [
              110.4674792,
              -7.0335699
            ],
            [
              110.4674799,
              -7.0334713
            ],
            [
              110.467474,
              -7.0334138
            ],
            [
              110.4675113,
              -7.0328947
            ],
            [
              110.4674438,
              -7.0328911
            ],
            [
              110.4666871,
              -7.0327721
            ],
            [
              110.4663891,
              -7.0327422
            ],
            [
              110.4662485,
              -7.0328376
            ],
            [
              110.4651153,
              -7.0326246
            ],
            [
              110.4650348,
              -7.0327977
            ],
            [
              110.4647267,
              -7.0326622
            ],
            [
              110.4644979,
              -7.0326059
            ],
            [
              110.4644469,
              -7.0333779
            ],
            [
              110.463999,
              -7.0333433
            ],
            [
              110.4634683,
              -7.0332928
            ],
            [
              110.4634925,
              -7.0324138
            ],
            [
              110.4630802,
              -7.032264
            ],
            [
              110.4627985,
              -7.0322693
            ],
            [
              110.4623981,
              -7.0322786
            ],
            [
              110.4604776,
              -7.0320337
            ],
            [
              110.4603976,
              -7.0320933
            ],
            [
              110.4603694,
              -7.0321572
            ],
            [
              110.4602791,
              -7.0329228
            ],
            [
              110.4601665,
              -7.0333115
            ],
            [
              110.4602309,
              -7.0336416
            ],
            [
              110.4601718,
              -7.0339557
            ],
            [
              110.460068,
              -7.0340715
            ],
            [
              110.4599358,
              -7.0342592
            ],
            [
              110.4597963,
              -7.0347543
            ],
            [
              110.4597373,
              -7.0351802
            ],
            [
              110.4595067,
              -7.0354624
            ],
            [
              110.4591419,
              -7.0357126
            ],
            [
              110.4587771,
              -7.0360481
            ],
            [
              110.4586672,
              -7.0361687
            ],
            [
              110.4582675,
              -7.0366071
            ],
            [
              110.4583992,
              -7.0368047
            ],
            [
              110.4584027,
              -7.0371246
            ],
            [
              110.4580057,
              -7.0371299
            ],
            [
              110.4565287,
              -7.0377926
            ],
            [
              110.4559881,
              -7.037687
            ],
            [
              110.4553374,
              -7.0380281
            ],
            [
              110.4549303,
              -7.038355
            ],
            [
              110.4548255,
              -7.0387555
            ],
            [
              110.4546619,
              -7.0400191
            ],
            [
              110.4542506,
              -7.0402813
            ],
            [
              110.4543928,
              -7.0405826
            ],
            [
              110.4544028,
              -7.0410226
            ],
            [
              110.4543628,
              -7.0413626
            ],
            [
              110.4541315,
              -7.0421632
            ],
            [
              110.4530675,
              -7.0425141
            ],
            [
              110.4522533,
              -7.0426807
            ],
            [
              110.4520882,
              -7.0428516
            ],
            [
              110.4519737,
              -7.0431176
            ],
            [
              110.45151,
              -7.0437127
            ],
            [
              110.4510077,
              -7.0446817
            ],
            [
              110.45082,
              -7.0451536
            ],
            [
              110.4507528,
              -7.0458026
            ],
            [
              110.4506528,
              -7.0460026
            ],
            [
              110.4502228,
              -7.0461326
            ],
            [
              110.4498728,
              -7.0463526
            ],
            [
              110.4494745,
              -7.0464169
            ],
            [
              110.448776,
              -7.0466699
            ],
            [
              110.4482343,
              -7.0466867
            ],
            [
              110.4480243,
              -7.046642
            ],
            [
              110.4475415,
              -7.0465994
            ]
          ]
        ]
      },
      "properties": {
        "kelurahan": "Mangunharjo",
        "jumlah_penduduk": 11791,
        "laju_pertumbuhan_persen_2010_2020": 3.94,
        "luas_km2": 3.304,
        "kepadatan_per_km2": 3568.8
      }
    },
    {
      "type": "Feature",
      "geometry": {
        "type": "Polygon",
        "coordinates": [
          [
            [
              110.451951,
              -7.0252905
            ],
            [
              110.4522358,
              -7.025146
            ],
            [
              110.4535967,
              -7.0249135
            ],
            [
              110.4541198,
              -7.0245391
            ],
            [
              110.4544764,
              -7.0243543
            ],
            [
              110.4546715,
              -7.0241029
            ],
            [
              110.4548283,
              -7.0235757
            ],
            [
              110.4550219,
              -7.023137
            ],
            [
              110.4551516,
              -7.0229468
            ],
            [
              110.4553178,
              -7.0228396
            ],
            [
              110.455736,
              -7.0227878
            ],
            [
              110.4558989,
              -7.0221863
            ],
            [
              110.4564305,
              -7.0221921
            ],
            [
              110.4564042,
              -7.0220084
            ],
            [
              110.4566365,
              -7.0209922
            ],
            [
              110.4559638,
              -7.0189306
            ],
            [
              110.4554886,
              -7.0180455
            ],
            [
              110.455366,
              -7.0178527
            ],
            [
              110.4549352,
              -7.0171755
            ],
            [
              110.4531427,
              -7.0148265
            ],
            [
              110.4529385,
              -7.0145589
            ],
            [
              110.4527691,
              -7.0143533
            ],
            [
              110.4526742,
              -7.0142597
            ],
            [
              110.4524601,
              -7.0140696
            ],
            [
              110.4522839,
              -7.0139078
            ],
            [
              110.4520887,
              -7.0137285
            ],
            [
              110.4517393,
              -7.0136202
            ],
            [
              110.4514363,
              -7.0135804
            ],
            [
              110.4506393,
              -7.0134756
            ],
            [
              110.4505571,
              -7.0134648
            ],
            [
              110.4497426,
              -7.0131942
            ],
            [
              110.448448,
              -7.0129182
            ],
            [
              110.4481226,
              -7.0128609
            ],
            [
              110.4477923,
              -7.0127784
            ],
            [
              110.446869,
              -7.012418
            ],
            [
              110.4462717,
              -7.0121848
            ],
            [
              110.4460558,
              -7.012036
            ],
            [
              110.4452858,
              -7.011706
            ],
            [
              110.4448271,
              -7.0114743
            ],
            [
              110.4442424,
              -7.0129332
            ],
            [
              110.4438535,
              -7.0139735
            ],
            [
              110.4435933,
              -7.0146582
            ],
            [
              110.443464,
              -7.0150381
            ],
            [
              110.443625,
              -7.0150875
            ],
            [
              110.4436047,
              -7.0152125
            ],
            [
              110.4435843,
              -7.0153859
            ],
            [
              110.4435477,
              -7.0155634
            ],
            [
              110.4435283,
              -7.0155911
            ],
            [
              110.443583,
              -7.0156845
            ],
            [
              110.4435963,
              -7.0158098
            ],
            [
              110.4436509,
              -7.016014
            ],
            [
              110.4436817,
              -7.0167155
            ],
            [
              110.4436644,
              -7.0170891
            ],
            [
              110.4436657,
              -7.0172013
            ],
            [
              110.4435413,
              -7.0176966
            ],
            [
              110.4434249,
              -7.0183249
            ],
            [
              110.4433009,
              -7.0190585
            ],
            [
              110.4431672,
              -7.0192768
            ],
            [
              110.4429759,
              -7.0194435
            ],
            [
              110.4427874,
              -7.0194835
            ],
            [
              110.4426971,
              -7.0194457
            ],
            [
              110.4426299,
              -7.0194538
            ],
            [
              110.4425065,
              -7.0195149
            ],
            [
              110.4424421,
              -7.0195749
            ],
            [
              110.4423725,
              -7.0196525
            ],
            [
              110.4423089,
              -7.0197343
            ],
            [
              110.4422049,
              -7.0199951
            ],
            [
              110.4421463,
              -7.0201954
            ],
            [
              110.4421577,
              -7.020561
            ],
            [
              110.4420269,
              -7.0208826
            ],
            [
              110.4418261,
              -7.021177
            ],
            [
              110.4417453,
              -7.0214636
            ],
            [
              110.4417521,
              -7.0219176
            ],
            [
              110.4417476,
              -7.0220845
            ],
            [
              110.4417411,
              -7.0223205
            ],
            [
              110.4417772,
              -7.0225008
            ],
            [
              110.4419919,
              -7.022725
            ],
            [
              110.4422703,
              -7.0230113
            ],
            [
              110.4425888,
              -7.023334
            ],
            [
              110.44302,
              -7.0237899
            ],
            [
              110.4429645,
              -7.0240689
            ],
            [
              110.4428578,
              -7.0245007
            ],
            [
              110.4430538,
              -7.0245923
            ],
            [
              110.443488,
              -7.0246944
            ],
            [
              110.4437822,
              -7.0247945
            ],
            [
              110.4440094,
              -7.0248607
            ],
            [
              110.4442071,
              -7.0249781
            ],
            [
              110.4444195,
              -7.0251835
            ],
            [
              110.4446942,
              -7.0253925
            ],
            [
              110.444936,
              -7.0254294
            ],
            [
              110.4452293,
              -7.0253932
            ],
            [
              110.4453906,
              -7.0254227
            ],
            [
              110.4455223,
              -7.0256059
            ],
            [
              110.4455833,
              -7.0257319
            ],
            [
              110.4455909,
              -7.0257421
            ],
            [
              110.4457375,
              -7.0258156
            ],
            [
              110.4458963,
              -7.0258646
            ],
            [
              110.4459376,
              -7.0258646
            ],
            [
              110.4460356,
              -7.0259549
            ],
            [
              110.4461383,
              -7.0260423
            ],
            [
              110.4465956,
              -7.0262534
            ],
            [
              110.4469295,
              -7.0264285
            ],
            [
              110.4471579,
              -7.0265414
            ],
            [
              110.4475415,
              -7.0267918
            ],
            [
              110.4474568,
              -7.0271455
            ],
            [
              110.4473983,
              -7.0274555
            ],
            [
              110.4472426,
              -7.0278429
            ],
            [
              110.4472033,
              -7.0283273
            ],
            [
              110.4476291,
              -7.0290448
            ],
            [
              110.4484622,
              -7.0299179
            ],
            [
              110.4490243,
              -7.030248
            ],
            [
              110.4498853,
              -7.0303055
            ],
            [
              110.4499773,
              -7.0299713
            ],
            [
              110.4496166,
              -7.0294803
            ],
            [
              110.4498251,
              -7.029157
            ],
            [
              110.4500905,
              -7.02884
            ],
            [
              110.4502369,
              -7.0286159
            ],
            [
              110.4503177,
              -7.0285086
            ],
            [
              110.4503683,
              -7.0284585
            ],
            [
              110.4503399,
              -7.028411
            ],
            [
              110.4503638,
              -7.0282354
            ],
            [
              110.4506877,
              -7.0276091
            ],
            [
              110.4508595,
              -7.0269636
            ],
            [
              110.4513358,
              -7.025996
            ],
            [
              110.4515658,
              -7.025656
            ],
            [
              110.4517858,
              -7.025546
            ],
            [
              110.451951,
              -7.0252905
            ]
          ]
        ]
      },
      "properties": {
        "kelurahan": "Tandang",
        "jumlah_penduduk": 24394,
        "laju_pertumbuhan_persen_2010_2020": 1.05,
        "luas_km2": 1.983,
        "kepadatan_per_km2": 12298.6
      }
    },
    {
      "type": "Feature",
      "geometry": {
        "type": "Polygon",
        "coordinates": [
          [
            [
              110.4624305,
              -7.0601648
            ],
            [
              110.4624048,
              -7.0603229
            ],
            [
              110.4618592,
              -7.0602843
            ],
            [
              110.4617966,
              -7.0605156
            ],
            [
              110.4616824,
              -7.0608129
            ],
            [
              110.4614106,
              -7.0611887
            ],
            [
              110.4611213,
              -7.0615032
            ],
            [
              110.4609364,
              -7.061766
            ],
            [
              110.4608739,
              -7.0618211
            ],
            [
              110.4607182,
              -7.0618439
            ],
            [
              110.460552,
              -7.061695
            ],
            [
              110.4602105,
              -7.0617033
            ],
            [
              110.4600701,
              -7.0619481
            ],
            [
              110.459886,
              -7.0621665
            ],
            [
              110.4595969,
              -7.0623499
            ],
            [
              110.4593253,
              -7.0625158
            ],
            [
              110.459106,
              -7.0628129
            ],
            [
              110.4590445,
              -7.063014
            ],
            [
              110.4588255,
              -7.0631799
            ],
            [
              110.4581378,
              -7.0634459
            ],
            [
              110.4568994,
              -7.063948
            ],
            [
              110.4562742,
              -7.0641925
            ],
            [
              110.4542825,
              -7.0648545
            ],
            [
              110.4536709,
              -7.0650462
            ],
            [
              110.4525712,
              -7.065488
            ],
            [
              110.4520348,
              -7.0657223
            ],
            [
              110.4512999,
              -7.0663825
            ],
            [
              110.4511657,
              -7.0673354
            ],
            [
              110.4510879,
              -7.068062
            ],
            [
              110.450986,
              -7.069132
            ],
            [
              110.4512739,
              -7.070166
            ],
            [
              110.4510224,
              -7.0706811
            ],
            [
              110.4504772,
              -7.0705674
            ],
            [
              110.450006,
              -7.0712828
            ],
            [
              110.4496192,
              -7.071992
            ],
            [
              110.4490575,
              -7.0724161
            ],
            [
              110.4483922,
              -7.0724846
            ],
            [
              110.4480488,
              -7.0726286
            ],
            [
              110.4479669,
              -7.072929
            ],
            [
              110.447688,
              -7.0732484
            ],
            [
              110.4473661,
              -7.0739245
            ],
            [
              110.4472831,
              -7.0742301
            ],
            [
              110.4473018,
              -7.0748135
            ],
            [
              110.4473018,
              -7.0754417
            ],
            [
              110.4474622,
              -7.0756109
            ],
            [
              110.4482352,
              -7.0757505
            ],
            [
              110.4488467,
              -7.076219
            ],
            [
              110.4489362,
              -7.0770278
            ],
            [
              110.4497033,
              -7.0771929
            ],
            [
              110.4502398,
              -7.0773047
            ],
            [
              110.4512965,
              -7.0779701
            ],
            [
              110.451951,
              -7.0777678
            ],
            [
              110.4530212,
              -7.0774138
            ],
            [
              110.4536354,
              -7.0774031
            ],
            [
              110.4543596,
              -7.0776826
            ],
            [
              110.4549336,
              -7.0777784
            ],
            [
              110.4551214,
              -7.0780499
            ],
            [
              110.4554433,
              -7.0780553
            ],
            [
              110.4558402,
              -7.0782363
            ],
            [
              110.4561889,
              -7.0782629
            ],
            [
              110.4565759,
              -7.0785503
            ],
            [
              110.4567261,
              -7.0790453
            ],
            [
              110.4569622,
              -7.0793328
            ],
            [
              110.4572725,
              -7.0795352
            ],
            [
              110.4576186,
              -7.0792232
            ],
            [
              110.4579219,
              -7.0789584
            ],
            [
              110.4582255,
              -7.0788723
            ],
            [
              110.4587852,
              -7.0792552
            ],
            [
              110.4591415,
              -7.079319
            ],
            [
              110.4593949,
              -7.0793464
            ],
            [
              110.459492,
              -7.0793714
            ],
            [
              110.4597218,
              -7.0791954
            ],
            [
              110.4596757,
              -7.0789752
            ],
            [
              110.4593229,
              -7.0788213
            ],
            [
              110.4592615,
              -7.0787392
            ],
            [
              110.4592139,
              -7.0785411
            ],
            [
              110.4595294,
              -7.0776535
            ],
            [
              110.4596855,
              -7.0771971
            ],
            [
              110.4598936,
              -7.0761239
            ],
            [
              110.4600236,
              -7.0760489
            ],
            [
              110.4603245,
              -7.0759878
            ],
            [
              110.4608305,
              -7.0759952
            ],
            [
              110.4611793,
              -7.0759546
            ],
            [
              110.4618251,
              -7.0758301
            ],
            [
              110.4621571,
              -7.0759147
            ],
            [
              110.4627483,
              -7.0761511
            ],
            [
              110.4631517,
              -7.0761516
            ],
            [
              110.4634663,
              -7.0760631
            ],
            [
              110.4639518,
              -7.076009
            ],
            [
              110.4647175,
              -7.076167
            ],
            [
              110.4648485,
              -7.0762382
            ],
            [
              110.4651958,
              -7.0764271
            ],
            [
              110.4656198,
              -7.0763661
            ],
            [
              110.4657909,
              -7.0762571
            ],
            [
              110.4661127,
              -7.0758886
            ],
            [
              110.4663079,
              -7.0753616
            ],
            [
              110.4665788,
              -7.0748577
            ],
            [
              110.467202,
              -7.0740114
            ],
            [
              110.4674352,
              -7.0733491
            ],
            [
              110.4674629,
              -7.0730418
            ],
            [
              110.467429,
              -7.0728368
            ],
            [
              110.4671163,
              -7.0726342
            ],
            [
              110.4669164,
              -7.0726108
            ],
            [
              110.4667181,
              -7.0726243
            ],
            [
              110.4664061,
              -7.0727378
            ],
            [
              110.4658086,
              -7.0727325
            ],
            [
              110.4650667,
              -7.0727419
            ],
            [
              110.464983,
              -7.0726618
            ],
            [
              110.4647935,
              -7.072482
            ],
            [
              110.4645816,
              -7.0724613
            ],
            [
              110.4638777,
              -7.0721463
            ],
            [
              110.4635975,
              -7.0719752
            ],
            [
              110.4633005,
              -7.0715957
            ],
            [
              110.4630758,
              -7.070851
            ],
            [
              110.463128,
              -7.0700416
            ],
            [
              110.4634953,
              -7.069151
            ],
            [
              110.4652658,
              -7.0690434
            ],
            [
              110.4661684,
              -7.0690308
            ],
            [
              110.4666403,
              -7.068963
            ],
            [
              110.466902,
              -7.0683255
            ],
            [
              110.4677328,
              -7.0672737
            ],
            [
              110.4681201,
              -7.0664374
            ],
            [
              110.4682161,
              -7.0661301
            ],
            [
              110.4685519,
              -7.0655021
            ],
            [
              110.4689695,
              -7.0650108
            ],
            [
              110.4691132,
              -7.0649426
            ],
            [
              110.4693662,
              -7.0649566
            ],
            [
              110.4697557,
              -7.0651688
            ],
            [
              110.4697721,
              -7.065746
            ],
            [
              110.4695182,
              -7.0665722
            ],
            [
              110.4696,
              -7.0667772
            ],
            [
              110.4697741,
              -7.0669857
            ],
            [
              110.4708057,
              -7.0677382
            ],
            [
              110.4710381,
              -7.0677795
            ],
            [
              110.4713598,
              -7.067744
            ],
            [
              110.4715957,
              -7.0678379
            ],
            [
              110.4717766,
              -7.0677462
            ],
            [
              110.4721733,
              -7.067651
            ],
            [
              110.4725767,
              -7.0676856
            ],
            [
              110.473719,
              -7.0678911
            ],
            [
              110.4743131,
              -7.0679335
            ],
            [
              110.4749697,
              -7.0678044
            ],
            [
              110.4762665,
              -7.0673583
            ],
            [
              110.4773877,
              -7.0669089
            ],
            [
              110.4776412,
              -7.0664584
            ],
            [
              110.4776894,
              -7.0661852
            ],
            [
              110.4776759,
              -7.0660008
            ],
            [
              110.4774883,
              -7.065601
            ],
            [
              110.4773245,
              -7.0653549
            ],
            [
              110.4769078,
              -7.0650061
            ],
            [
              110.476286,
              -7.064698
            ],
            [
              110.4757022,
              -7.0639152
            ],
            [
              110.4757025,
              -7.0636967
            ],
            [
              110.4758739,
              -7.0632939
            ],
            [
              110.4763839,
              -7.0627309
            ],
            [
              110.4764593,
              -7.0625329
            ],
            [
              110.476501,
              -7.0619182
            ],
            [
              110.477196,
              -7.0610822
            ],
            [
              110.4773536,
              -7.060775
            ],
            [
              110.4774601,
              -7.0602936
            ],
            [
              110.4776928,
              -7.0601368
            ],
            [
              110.4778503,
              -7.0599047
            ],
            [
              110.4778505,
              -7.0597203
            ],
            [
              110.4779994,
              -7.0594107
            ],
            [
              110.4783624,
              -7.0588785
            ],
            [
              110.4786482,
              -7.0587137
            ],
            [
              110.4796123,
              -7.0586464
            ],
            [
              110.4798584,
              -7.0587355
            ],
            [
              110.4803084,
              -7.0591028
            ],
            [
              110.480515,
              -7.0591942
            ],
            [
              110.4808715,
              -7.0591248
            ],
            [
              110.4811122,
              -7.0588913
            ],
            [
              110.4812502,
              -7.0586669
            ],
            [
              110.4811522,
              -7.0582112
            ],
            [
              110.4810274,
              -7.0579412
            ],
            [
              110.4808598,
              -7.0575644
            ],
            [
              110.4807054,
              -7.0572032
            ],
            [
              110.4804548,
              -7.0560792
            ],
            [
              110.4804897,
              -7.0558503
            ],
            [
              110.4806694,
              -7.0557438
            ],
            [
              110.4808947,
              -7.0558077
            ],
            [
              110.4811429,
              -7.0559587
            ],
            [
              110.4814574,
              -7.0555551
            ],
            [
              110.481571,
              -7.0550684
            ],
            [
              110.4815706,
              -7.0544128
            ],
            [
              110.4813936,
              -7.0543117
            ],
            [
              110.481104,
              -7.0545941
            ],
            [
              110.4807753,
              -7.0546347
            ],
            [
              110.4805621,
              -7.0544235
            ],
            [
              110.4806158,
              -7.0539656
            ],
            [
              110.48073,
              -7.053554
            ],
            [
              110.4804223,
              -7.0534199
            ],
            [
              110.4792961,
              -7.0532252
            ],
            [
              110.4781959,
              -7.0528539
            ],
            [
              110.4777607,
              -7.0527206
            ],
            [
              110.4740834,
              -7.0515947
            ],
            [
              110.4738116,
              -7.0513581
            ],
            [
              110.4735636,
              -7.0510152
            ],
            [
              110.4734458,
              -7.0506488
            ],
            [
              110.4732293,
              -7.0505764
            ],
            [
              110.471678,
              -7.0503741
            ],
            [
              110.4716833,
              -7.050547
            ],
            [
              110.4717088,
              -7.0508444
            ],
            [
              110.4716545,
              -7.0515388
            ],
            [
              110.4715994,
              -7.0520532
            ],
            [
              110.4714642,
              -7.0525095
            ],
            [
              110.4713912,
              -7.0526957
            ],
            [
              110.4712253,
              -7.0531088
            ],
            [
              110.4712523,
              -7.0536461
            ],
            [
              110.4712769,
              -7.0538751
            ],
            [
              110.4711003,
              -7.0538663
            ],
            [
              110.4707558,
              -7.0536593
            ],
            [
              110.4704525,
              -7.0535901
            ],
            [
              110.4702458,
              -7.0534658
            ],
            [
              110.4699427,
              -7.0532864
            ],
            [
              110.469667,
              -7.0531621
            ],
            [
              110.4693087,
              -7.0529688
            ],
            [
              110.4689641,
              -7.0528169
            ],
            [
              110.4688859,
              -7.0527762
            ],
            [
              110.4686196,
              -7.0526374
            ],
            [
              110.4680132,
              -7.0523337
            ],
            [
              110.4674618,
              -7.0521677
            ],
            [
              110.4670482,
              -7.0520984
            ],
            [
              110.4670162,
              -7.0520915
            ],
            [
              110.4665528,
              -7.0521526
            ],
            [
              110.4656873,
              -7.0522087
            ],
            [
              110.4655251,
              -7.0522253
            ],
            [
              110.4653316,
              -7.0522056
            ],
            [
              110.4652628,
              -7.05218
            ],
            [
              110.4649997,
              -7.0521229
            ],
            [
              110.4649735,
              -7.0522256
            ],
            [
              110.4649837,
              -7.0523408
            ],
            [
              110.4649125,
              -7.052424
            ],
            [
              110.4647554,
              -7.0525403
            ],
            [
              110.4646213,
              -7.0525708
            ],
            [
              110.4645838,
              -7.0526326
            ],
            [
              110.464487,
              -7.052776
            ],
            [
              110.4643147,
              -7.0529385
            ],
            [
              110.4642289,
              -7.0530734
            ],
            [
              110.4641513,
              -7.0532248
            ],
            [
              110.4640383,
              -7.0534501
            ],
            [
              110.4639492,
              -7.0536371
            ],
            [
              110.4639711,
              -7.0539132
            ],
            [
              110.4640085,
              -7.0541985
            ],
            [
              110.4639975,
              -7.0543768
            ],
            [
              110.4639449,
              -7.0547073
            ],
            [
              110.4637289,
              -7.0554332
            ],
            [
              110.4637091,
              -7.0558126
            ],
            [
              110.4637026,
              -7.0560674
            ],
            [
              110.4637066,
              -7.0563438
            ],
            [
              110.4637715,
              -7.0565983
            ],
            [
              110.4638395,
              -7.056925
            ],
            [
              110.4634089,
              -7.0571833
            ],
            [
              110.463011,
              -7.0573541
            ],
            [
              110.4629565,
              -7.057527
            ],
            [
              110.4628586,
              -7.0579015
            ],
            [
              110.4627571,
              -7.0582603
            ],
            [
              110.4626753,
              -7.0584007
            ],
            [
              110.4625405,
              -7.0585659
            ],
            [
              110.4623819,
              -7.058862
            ],
            [
              110.4624131,
              -7.0590356
            ],
            [
              110.462441,
              -7.0593961
            ],
            [
              110.4624728,
              -7.0595783
            ],
            [
              110.4624568,
              -7.0597362
            ],
            [
              110.4624425,
              -7.0599102
            ],
            [
              110.4624305,
              -7.0601648
            ]
          ]
        ]
      },
      "properties": {
        "kelurahan": "Meteseh",
        "jumlah_penduduk": 24929,
        "laju_pertumbuhan_persen_2010_2020": 3.69,
        "luas_km2": 5.348,
        "kepadatan_per_km2": 4661.5
      }
    },
    {
      "type": "Feature",
      "geometry": {
        "type": "Polygon",
        "coordinates": [
          [
            [
              110.4431158,
              -7.0735462
            ],
            [
              110.4428422,
              -7.0730884
            ],
            [
              110.4422897,
              -7.0724708
            ],
            [
              110.4419571,
              -7.0721301
            ],
            [
              110.4415581,
              -7.071845
            ],
            [
              110.4414207,
              -7.0717468
            ],
            [
              110.4409701,
              -7.0714647
            ],
            [
              110.4405677,
              -7.0712145
            ],
            [
              110.4400957,
              -7.0709217
            ],
            [
              110.4399186,
              -7.0707779
            ],
            [
              110.4394895,
              -7.0705277
            ],
            [
              110.4390925,
              -7.070368
            ],
            [
              110.4390304,
              -7.0703433
            ],
            [
              110.4383925,
              -7.0700273
            ],
            [
              110.4377782,
              -7.0696707
            ],
            [
              110.4374285,
              -7.069277
            ],
            [
              110.4371687,
              -7.0687564
            ],
            [
              110.4370142,
              -7.0686756
            ],
            [
              110.4358975,
              -7.0685239
            ],
            [
              110.4354893,
              -7.0684694
            ],
            [
              110.4353656,
              -7.0684531
            ],
            [
              110.4348455,
              -7.0683835
            ],
            [
              110.4349184,
              -7.0681747
            ],
            [
              110.4352045,
              -7.0676884
            ],
            [
              110.4355747,
              -7.0671853
            ],
            [
              110.4360848,
              -7.0667122
            ],
            [
              110.4367912,
              -7.0662466
            ],
            [
              110.4377353,
              -7.0660656
            ],
            [
              110.4381768,
              -7.0657158
            ],
            [
              110.4382034,
              -7.0653811
            ],
            [
              110.4381997,
              -7.0650065
            ],
            [
              110.4388665,
              -7.0650448
            ],
            [
              110.440626,
              -7.0652684
            ],
            [
              110.4407105,
              -7.0650635
            ],
            [
              110.4414293,
              -7.06515
            ],
            [
              110.442006,
              -7.0652139
            ],
            [
              110.443858,
              -7.0659658
            ],
            [
              110.4438218,
              -7.0662413
            ],
            [
              110.443913,
              -7.0665022
            ],
            [
              110.4440847,
              -7.0666726
            ],
            [
              110.4441625,
              -7.066819
            ],
            [
              110.4440579,
              -7.0672768
            ],
            [
              110.4440203,
              -7.0674019
            ],
            [
              110.4440954,
              -7.0675164
            ],
            [
              110.4443422,
              -7.0674445
            ],
            [
              110.444605,
              -7.0674365
            ],
            [
              110.4449269,
              -7.067535
            ],
            [
              110.4450637,
              -7.0676228
            ],
            [
              110.4455733,
              -7.0676601
            ],
            [
              110.4457289,
              -7.0676868
            ],
            [
              110.4458791,
              -7.0677293
            ],
            [
              110.4462909,
              -7.0677998
            ],
            [
              110.4466462,
              -7.0679555
            ],
            [
              110.4475206,
              -7.0682111
            ],
            [
              110.4480789,
              -7.0683727
            ],
            [
              110.4485506,
              -7.0685092
            ],
            [
              110.4499238,
              -7.0688765
            ],
            [
              110.450986,
              -7.069132
            ],
            [
              110.4512739,
              -7.070166
            ],
            [
              110.4510224,
              -7.0706811
            ],
            [
              110.4504772,
              -7.0705674
            ],
            [
              110.450006,
              -7.0712828
            ],
            [
              110.4496192,
              -7.071992
            ],
            [
              110.4490575,
              -7.0724161
            ],
            [
              110.4483922,
              -7.0724846
            ],
            [
              110.4480488,
              -7.0726286
            ],
            [
              110.4479669,
              -7.072929
            ],
            [
              110.447688,
              -7.0732484
            ],
            [
              110.4473661,
              -7.0739245
            ],
            [
              110.4472831,
              -7.0742301
            ],
            [
              110.4473018,
              -7.0748135
            ],
            [
              110.4473018,
              -7.0754417
            ],
            [
              110.4474622,
              -7.0756109
            ],
            [
              110.4482352,
              -7.0757505
            ],
            [
              110.4488467,
              -7.076219
            ],
            [
              110.4489362,
              -7.0770278
            ],
            [
              110.447976,
              -7.077278
            ],
            [
              110.447343,
              -7.0774643
            ],
            [
              110.4470104,
              -7.0775761
            ],
            [
              110.4463774,
              -7.0773472
            ],
            [
              110.4461092,
              -7.0772674
            ],
            [
              110.4459268,
              -7.0771077
            ],
            [
              110.4457658,
              -7.0770864
            ],
            [
              110.4456317,
              -7.0771023
            ],
            [
              110.4454225,
              -7.0772301
            ],
            [
              110.445283,
              -7.0771769
            ],
            [
              110.445165,
              -7.0770065
            ],
            [
              110.4451114,
              -7.0767457
            ],
            [
              110.4449826,
              -7.0766978
            ],
            [
              110.4447305,
              -7.0767457
            ],
            [
              110.4444194,
              -7.0766658
            ],
            [
              110.4442316,
              -7.076538
            ],
            [
              110.4440278,
              -7.0762612
            ],
            [
              110.4436952,
              -7.0760483
            ],
            [
              110.4431534,
              -7.0758353
            ],
            [
              110.4426116,
              -7.075681
            ],
            [
              110.4423702,
              -7.0755638
            ],
            [
              110.4423326,
              -7.0753935
            ],
            [
              110.4423809,
              -7.0750634
            ],
            [
              110.4425418,
              -7.0746429
            ],
            [
              110.4427564,
              -7.0742223
            ],
            [
              110.4431158,
              -7.0735462
            ]
          ]
        ]
      },
      "properties": {
        "kelurahan": "Kramas",
        "jumlah_penduduk": 4404,
        "laju_pertumbuhan_persen_2010_2020": 3.36,
        "luas_km2": 1.145,
        "kepadatan_per_km2": 3846.5
      }
    },
    {
      "type": "Feature",
      "geometry": {
        "type": "MultiPolygon",
        "coordinates": [
          [
            [
              [
                110.4668896,
                -7.0428004
              ],
              [
                110.4671256,
                -7.0432733
              ],
              [
                110.4676983,
                -7.0440615
              ],
              [
                110.4678754,
                -7.0442843
              ],
              [
                110.468324,
                -7.0449937
              ],
              [
                110.4686308,
                -7.0455375
              ],
              [
                110.4689614,
                -7.0459987
              ],
              [
                110.4693216,
                -7.046544
              ],
              [
                110.4697395,
                -7.0471719
              ],
              [
                110.4701645,
                -7.047834
              ],
              [
                110.470228,
                -7.0479316
              ],
              [
                110.4710263,
                -7.0491583
              ],
              [
                110.4714394,
                -7.0499267
              ],
              [
                110.471678,
                -7.0503741
              ],
              [
                110.4732293,
                -7.0505764
              ],
              [
                110.4734458,
                -7.0506488
              ],
              [
                110.4735636,
                -7.0510152
              ],
              [
                110.4738116,
                -7.0513581
              ],
              [
                110.4740834,
                -7.0515947
              ],
              [
                110.4777607,
                -7.0527206
              ],
              [
                110.4781959,
                -7.0528539
              ],
              [
                110.4792961,
                -7.0532252
              ],
              [
                110.4804223,
                -7.0534199
              ],
              [
                110.48073,
                -7.053554
              ],
              [
                110.4810617,
                -7.0530264
              ],
              [
                110.4812191,
                -7.0528558
              ],
              [
                110.481527,
                -7.0526648
              ],
              [
                110.4819237,
                -7.0525833
              ],
              [
                110.4824432,
                -7.0526454
              ],
              [
                110.4826756,
                -7.0527549
              ],
              [
                110.4827918,
                -7.0527209
              ],
              [
                110.4828671,
                -7.0526458
              ],
              [
                110.482881,
                -7.0525229
              ],
              [
                110.482581,
                -7.0517371
              ],
              [
                110.4825743,
                -7.0515595
              ],
              [
                110.4826703,
                -7.0513273
              ],
              [
                110.4828757,
                -7.0510885
              ],
              [
                110.4830331,
                -7.0509999
              ],
              [
                110.4836621,
                -7.0509869
              ],
              [
                110.4839287,
                -7.0510213
              ],
              [
                110.4846835,
                -7.0512336
              ],
              [
                110.4851072,
                -7.0516451
              ],
              [
                110.4851796,
                -7.0517399
              ],
              [
                110.4851018,
                -7.0519247
              ],
              [
                110.4847879,
                -7.0522675
              ],
              [
                110.4844999,
                -7.0524156
              ],
              [
                110.4839171,
                -7.0526683
              ],
              [
                110.4838606,
                -7.05283
              ],
              [
                110.483876,
                -7.0529189
              ],
              [
                110.4839431,
                -7.0530387
              ],
              [
                110.4842998,
                -7.0532942
              ],
              [
                110.4845305,
                -7.0533315
              ],
              [
                110.4847409,
                -7.0533332
              ],
              [
                110.4850186,
                -7.0533927
              ],
              [
                110.4852915,
                -7.0533822
              ],
              [
                110.4853807,
                -7.053201
              ],
              [
                110.4854459,
                -7.0528591
              ],
              [
                110.4857312,
                -7.0524103
              ],
              [
                110.485876,
                -7.0522188
              ],
              [
                110.4859137,
                -7.0519704
              ],
              [
                110.4857895,
                -7.0500808
              ],
              [
                110.4852227,
                -7.0494108
              ],
              [
                110.4845072,
                -7.048808
              ],
              [
                110.4841736,
                -7.0487205
              ],
              [
                110.4839816,
                -7.0486935
              ],
              [
                110.4837685,
                -7.0486188
              ],
              [
                110.4834939,
                -7.048514
              ],
              [
                110.4833436,
                -7.0484046
              ],
              [
                110.4833507,
                -7.0481587
              ],
              [
                110.4836182,
                -7.0474554
              ],
              [
                110.4839606,
                -7.0469572
              ],
              [
                110.4840263,
                -7.046694
              ],
              [
                110.4835162,
                -7.0466669
              ],
              [
                110.4834304,
                -7.0465914
              ],
              [
                110.483202,
                -7.0466216
              ],
              [
                110.4830448,
                -7.0465941
              ],
              [
                110.4829697,
                -7.0465121
              ],
              [
                110.48297,
                -7.0462184
              ],
              [
                110.4831001,
                -7.0460682
              ],
              [
                110.4832916,
                -7.0460138
              ],
              [
                110.4839206,
                -7.0459804
              ],
              [
                110.4840437,
                -7.0459395
              ],
              [
                110.4842969,
                -7.045728
              ],
              [
                110.4842972,
                -7.0455436
              ],
              [
                110.4842152,
                -7.0454274
              ],
              [
                110.4840957,
                -7.0453805
              ],
              [
                110.4835162,
                -7.0454076
              ],
              [
                110.4829299,
                -7.045344
              ],
              [
                110.4826771,
                -7.0452549
              ],
              [
                110.4820074,
                -7.0448785
              ],
              [
                110.4816795,
                -7.0446391
              ],
              [
                110.4815773,
                -7.0443794
              ],
              [
                110.4815775,
                -7.044195
              ],
              [
                110.4816802,
                -7.0440175
              ],
              [
                110.4818376,
                -7.0438879
              ],
              [
                110.4823814,
                -7.0436733
              ],
              [
                110.4827711,
                -7.0436601
              ],
              [
                110.4848152,
                -7.0438809
              ],
              [
                110.4850614,
                -7.0438402
              ],
              [
                110.4851983,
                -7.0437243
              ],
              [
                110.4852393,
                -7.0436765
              ],
              [
                110.4852258,
                -7.0435194
              ],
              [
                110.4851576,
                -7.0433417
              ],
              [
                110.4847855,
                -7.0429144
              ],
              [
                110.4842115,
                -7.0426405
              ],
              [
                110.4836852,
                -7.0424897
              ],
              [
                110.4835349,
                -7.0423802
              ],
              [
                110.4834667,
                -7.0422162
              ],
              [
                110.4834943,
                -7.0420113
              ],
              [
                110.4835765,
                -7.0418202
              ],
              [
                110.4839805,
                -7.0412946
              ],
              [
                110.4840697,
                -7.0410557
              ],
              [
                110.4840559,
                -7.0406224
              ],
              [
                110.4837377,
                -7.0405994
              ],
              [
                110.4831334,
                -7.040638
              ],
              [
                110.4823865,
                -7.0405616
              ],
              [
                110.4818534,
                -7.0402998
              ],
              [
                110.4815129,
                -7.0401002
              ],
              [
                110.4812676,
                -7.0398294
              ],
              [
                110.4810914,
                -7.0394858
              ],
              [
                110.4815514,
                -7.0388905
              ],
              [
                110.4820559,
                -7.0381914
              ],
              [
                110.4821515,
                -7.0379378
              ],
              [
                110.482019,
                -7.0375186
              ],
              [
                110.4813939,
                -7.037091
              ],
              [
                110.481271,
                -7.0369679
              ],
              [
                110.481196,
                -7.0367492
              ],
              [
                110.481203,
                -7.0365785
              ],
              [
                110.4814087,
                -7.0361006
              ],
              [
                110.481385,
                -7.0359263
              ],
              [
                110.4809753,
                -7.0354204
              ],
              [
                110.4808321,
                -7.0351197
              ],
              [
                110.480707,
                -7.0338457
              ],
              [
                110.4805978,
                -7.0336953
              ],
              [
                110.4801312,
                -7.0321271
              ],
              [
                110.4799239,
                -7.0309896
              ],
              [
                110.4797466,
                -7.0305728
              ],
              [
                110.4797539,
                -7.0301698
              ],
              [
                110.4796824,
                -7.0298726
              ],
              [
                110.4794025,
                -7.0295307
              ],
              [
                110.4793142,
                -7.0290593
              ],
              [
                110.4791505,
                -7.0287039
              ],
              [
                110.4791817,
                -7.0282429
              ],
              [
                110.4790738,
                -7.0269381
              ],
              [
                110.4786131,
                -7.0262307
              ],
              [
                110.478185,
                -7.0258187
              ],
              [
                110.4774983,
                -7.0269064
              ],
              [
                110.4769892,
                -7.0274493
              ],
              [
                110.4760427,
                -7.0277791
              ],
              [
                110.4748955,
                -7.0279077
              ],
              [
                110.4742408,
                -7.0277807
              ],
              [
                110.4735692,
                -7.0276515
              ],
              [
                110.473127,
                -7.0277674
              ],
              [
                110.4724973,
                -7.0277137
              ],
              [
                110.4720007,
                -7.0278386
              ],
              [
                110.4718957,
                -7.0278683
              ],
              [
                110.4717617,
                -7.0278569
              ],
              [
                110.471401,
                -7.0278392
              ],
              [
                110.47115,
                -7.0276585
              ],
              [
                110.471056,
                -7.0270339
              ],
              [
                110.4704695,
                -7.0267116
              ],
              [
                110.4701634,
                -7.0261197
              ],
              [
                110.4697292,
                -7.0257835
              ],
              [
                110.4691376,
                -7.025485
              ],
              [
                110.4685295,
                -7.0252382
              ],
              [
                110.4681059,
                -7.0251153
              ],
              [
                110.4668649,
                -7.0245919
              ],
              [
                110.4661515,
                -7.0243145
              ],
              [
                110.4660635,
                -7.02449
              ],
              [
                110.4658696,
                -7.0246446
              ],
              [
                110.4655303,
                -7.0247437
              ],
              [
                110.4654586,
                -7.024831
              ],
              [
                110.4651441,
                -7.0256595
              ],
              [
                110.464717,
                -7.0271937
              ],
              [
                110.4646465,
                -7.0274633
              ],
              [
                110.4645185,
                -7.0276318
              ],
              [
                110.4645512,
                -7.027844
              ],
              [
                110.46495,
                -7.0279437
              ],
              [
                110.4652189,
                -7.0280984
              ],
              [
                110.4653862,
                -7.028221
              ],
              [
                110.4655881,
                -7.0283107
              ],
              [
                110.4659073,
                -7.0283938
              ],
              [
                110.4664394,
                -7.0284417
              ],
              [
                110.4667694,
                -7.0294463
              ],
              [
                110.4667333,
                -7.0300015
              ],
              [
                110.4667556,
                -7.0311594
              ],
              [
                110.4666842,
                -7.031561
              ],
              [
                110.4661869,
                -7.0320922
              ],
              [
                110.4664469,
                -7.0322815
              ],
              [
                110.4663891,
                -7.0327422
              ],
              [
                110.4666871,
                -7.0327721
              ],
              [
                110.4674438,
                -7.0328911
              ],
              [
                110.4675113,
                -7.0328947
              ],
              [
                110.467474,
                -7.0334138
              ],
              [
                110.4674799,
                -7.0334713
              ],
              [
                110.4674792,
                -7.0335699
              ],
              [
                110.4674831,
                -7.0342349
              ],
              [
                110.4676311,
                -7.0345099
              ],
              [
                110.4676303,
                -7.0352188
              ],
              [
                110.4675823,
                -7.0358568
              ],
              [
                110.4676412,
                -7.0360577
              ],
              [
                110.4678304,
                -7.0361051
              ],
              [
                110.4678664,
                -7.0361434
              ],
              [
                110.4679811,
                -7.0361731
              ],
              [
                110.4682584,
                -7.0362944
              ],
              [
                110.4683743,
                -7.0363511
              ],
              [
                110.4683265,
                -7.0366256
              ],
              [
                110.4683019,
                -7.0374171
              ],
              [
                110.4683092,
                -7.0376837
              ],
              [
                110.4683265,
                -7.0376814
              ],
              [
                110.4683442,
                -7.0379034
              ],
              [
                110.4683954,
                -7.0383624
              ],
              [
                110.4683961,
                -7.0383968
              ],
              [
                110.4684067,
                -7.0389059
              ],
              [
                110.4683705,
                -7.0394848
              ],
              [
                110.46824,
                -7.0398391
              ],
              [
                110.467677,
                -7.0409431
              ],
              [
                110.4673451,
                -7.0416398
              ],
              [
                110.4672973,
                -7.0420651
              ],
              [
                110.4672497,
                -7.0423486
              ],
              [
                110.4671194,
                -7.0425493
              ],
              [
                110.4668896,
                -7.0428004
              ]
            ]
          ],
          [
            [
              [
                110.4758919,
                -7.0251909
              ],
              [
                110.4760569,
                -7.0254109
              ],
              [
                110.476186,
                -7.025564
              ],
              [
                110.4763241,
                -7.025719
              ],
              [
                110.4764368,
                -7.0258242
              ],
              [
                110.4764327,
                -7.025956
              ],
              [
                110.4764985,
                -7.0261104
              ],
              [
                110.4762275,
                -7.0262907
              ],
              [
                110.4760089,
                -7.0261819
              ],
              [
                110.4758839,
                -7.0261173
              ],
              [
                110.4755707,
                -7.0258435
              ],
              [
                110.4754641,
                -7.0257157
              ],
              [
                110.4753763,
                -7.0256105
              ],
              [
                110.4754551,
                -7.0255111
              ],
              [
                110.4755972,
                -7.0254319
              ],
              [
                110.4757605,
                -7.0253077
              ],
              [
                110.4758919,
                -7.0251909
              ]
            ]
          ]
        ]
      },
      "properties": {
        "kelurahan": "Sendangmulyo",
        "jumlah_penduduk": 40336,
        "laju_pertumbuhan_persen_2010_2020": 1.97,
        "luas_km2": 4.392,
        "kepadatan_per_km2": 9184.6
      }
    },
    {
      "type": "Feature",
      "geometry": {
        "type": "Polygon",
        "coordinates": [
          [
            [
              110.4475415,
              -7.0465994
            ],
            [
              110.4475049,
              -7.0465654
            ],
            [
              110.4474101,
              -7.0463801
            ],
            [
              110.44772,
              -7.0460594
            ],
            [
              110.4477522,
              -7.0458039
            ],
            [
              110.4477737,
              -7.0454419
            ],
            [
              110.4474518,
              -7.0446752
            ],
            [
              110.447205,
              -7.0440257
            ],
            [
              110.4472265,
              -7.0434188
            ],
            [
              110.4466471,
              -7.0419707
            ],
            [
              110.4459605,
              -7.0407674
            ],
            [
              110.4453114,
              -7.0397027
            ],
            [
              110.4444489,
              -7.0386452
            ],
            [
              110.4441028,
              -7.0382818
            ],
            [
              110.4438594,
              -7.0376135
            ],
            [
              110.4438748,
              -7.0372265
            ],
            [
              110.4440066,
              -7.0370903
            ],
            [
              110.4441638,
              -7.0369587
            ],
            [
              110.4444087,
              -7.0368012
            ],
            [
              110.4446716,
              -7.0366697
            ],
            [
              110.444938,
              -7.0364818
            ],
            [
              110.4451503,
              -7.0361841
            ],
            [
              110.4452305,
              -7.035929
            ],
            [
              110.4451846,
              -7.0356865
            ],
            [
              110.4450964,
              -7.0354932
            ],
            [
              110.4449211,
              -7.0352561
            ],
            [
              110.4447642,
              -7.0350734
            ],
            [
              110.4447586,
              -7.0348977
            ],
            [
              110.4447848,
              -7.0346792
            ],
            [
              110.4449242,
              -7.0344762
            ],
            [
              110.4452603,
              -7.0343384
            ],
            [
              110.4453645,
              -7.0343243
            ],
            [
              110.4456363,
              -7.034325
            ],
            [
              110.445906,
              -7.034424
            ],
            [
              110.4460262,
              -7.03457
            ],
            [
              110.4461638,
              -7.0347535
            ],
            [
              110.4462805,
              -7.0349978
            ],
            [
              110.446353,
              -7.0351235
            ],
            [
              110.4464513,
              -7.0352549
            ],
            [
              110.446562,
              -7.035283
            ],
            [
              110.4466776,
              -7.0352534
            ],
            [
              110.4468465,
              -7.035001
            ],
            [
              110.4469967,
              -7.0347403
            ],
            [
              110.44722,
              -7.0345376
            ],
            [
              110.4474938,
              -7.0344614
            ],
            [
              110.4477895,
              -7.0344289
            ],
            [
              110.4479691,
              -7.0344728
            ],
            [
              110.44811,
              -7.03447
            ],
            [
              110.4482874,
              -7.0344582
            ],
            [
              110.4487397,
              -7.0343971
            ],
            [
              110.4489645,
              -7.0342797
            ],
            [
              110.4492093,
              -7.034138
            ],
            [
              110.4496807,
              -7.0339522
            ],
            [
              110.4501548,
              -7.0337157
            ],
            [
              110.4504978,
              -7.0335412
            ],
            [
              110.450797,
              -7.0331706
            ],
            [
              110.4510057,
              -7.0326568
            ],
            [
              110.4512582,
              -7.0321935
            ],
            [
              110.4513983,
              -7.0318321
            ],
            [
              110.4514724,
              -7.0315628
            ],
            [
              110.451412,
              -7.0311898
            ],
            [
              110.4512807,
              -7.0310693
            ],
            [
              110.4510402,
              -7.0307846
            ],
            [
              110.45092,
              -7.0305985
            ],
            [
              110.4509155,
              -7.0305214
            ],
            [
              110.4509,
              -7.03052
            ],
            [
              110.450806,
              -7.0304618
            ],
            [
              110.4500717,
              -7.0303073
            ],
            [
              110.4498853,
              -7.0303055
            ],
            [
              110.4499773,
              -7.0299713
            ],
            [
              110.4496166,
              -7.0294803
            ],
            [
              110.4498251,
              -7.029157
            ],
            [
              110.4500905,
              -7.02884
            ],
            [
              110.4502369,
              -7.0286159
            ],
            [
              110.4503177,
              -7.0285086
            ],
            [
              110.4503683,
              -7.0284585
            ],
            [
              110.4503399,
              -7.028411
            ],
            [
              110.4503638,
              -7.0282354
            ],
            [
              110.4506877,
              -7.0276091
            ],
            [
              110.4508595,
              -7.0269636
            ],
            [
              110.4513358,
              -7.025996
            ],
            [
              110.4515658,
              -7.025656
            ],
            [
              110.4517858,
              -7.025546
            ],
            [
              110.451951,
              -7.0252905
            ],
            [
              110.4522358,
              -7.025146
            ],
            [
              110.4535967,
              -7.0249135
            ],
            [
              110.4541198,
              -7.0245391
            ],
            [
              110.4544764,
              -7.0243543
            ],
            [
              110.4546715,
              -7.0241029
            ],
            [
              110.4548283,
              -7.0235757
            ],
            [
              110.4550219,
              -7.023137
            ],
            [
              110.4551516,
              -7.0229468
            ],
            [
              110.4553178,
              -7.0228396
            ],
            [
              110.455736,
              -7.0227878
            ],
            [
              110.4558989,
              -7.0221863
            ],
            [
              110.4564305,
              -7.0221921
            ],
            [
              110.4564788,
              -7.0222406
            ],
            [
              110.4566466,
              -7.0224045
            ],
            [
              110.4570487,
              -7.0227632
            ],
            [
              110.4575463,
              -7.0231374
            ],
            [
              110.4587981,
              -7.0239635
            ],
            [
              110.4597241,
              -7.0247278
            ],
            [
              110.4598145,
              -7.024966
            ],
            [
              110.46079,
              -7.0251041
            ],
            [
              110.4609677,
              -7.0250895
            ],
            [
              110.4616015,
              -7.0241879
            ],
            [
              110.4618894,
              -7.0238137
            ],
            [
              110.4625529,
              -7.0229535
            ],
            [
              110.4627279,
              -7.0227269
            ],
            [
              110.4628423,
              -7.0226228
            ],
            [
              110.4630388,
              -7.0226532
            ],
            [
              110.4631504,
              -7.0227243
            ],
            [
              110.4647593,
              -7.0237492
            ],
            [
              110.4657299,
              -7.0241437
            ],
            [
              110.4658535,
              -7.024194
            ],
            [
              110.4659271,
              -7.0242239
            ],
            [
              110.4661515,
              -7.0243145
            ],
            [
              110.4660635,
              -7.02449
            ],
            [
              110.4658696,
              -7.0246446
            ],
            [
              110.4655303,
              -7.0247437
            ],
            [
              110.4654586,
              -7.024831
            ],
            [
              110.4651441,
              -7.0256595
            ],
            [
              110.464717,
              -7.0271937
            ],
            [
              110.4646465,
              -7.0274633
            ],
            [
              110.4645185,
              -7.0276318
            ],
            [
              110.4645512,
              -7.027844
            ],
            [
              110.46495,
              -7.0279437
            ],
            [
              110.4652189,
              -7.0280984
            ],
            [
              110.4653862,
              -7.028221
            ],
            [
              110.4655881,
              -7.0283107
            ],
            [
              110.4659073,
              -7.0283938
            ],
            [
              110.4664394,
              -7.0284417
            ],
            [
              110.4667694,
              -7.0294463
            ],
            [
              110.4667333,
              -7.0300015
            ],
            [
              110.4667556,
              -7.0311594
            ],
            [
              110.4666842,
              -7.031561
            ],
            [
              110.4661869,
              -7.0320922
            ],
            [
              110.4664469,
              -7.0322815
            ],
            [
              110.4663891,
              -7.0327422
            ],
            [
              110.4662485,
              -7.0328376
            ],
            [
              110.4651153,
              -7.0326246
            ],
            [
              110.4650348,
              -7.0327977
            ],
            [
              110.4647267,
              -7.0326622
            ],
            [
              110.4644979,
              -7.0326059
            ],
            [
              110.4644469,
              -7.0333779
            ],
            [
              110.463999,
              -7.0333433
            ],
            [
              110.4634683,
              -7.0332928
            ],
            [
              110.4634925,
              -7.0324138
            ],
            [
              110.4630802,
              -7.032264
            ],
            [
              110.4627985,
              -7.0322693
            ],
            [
              110.4623981,
              -7.0322786
            ],
            [
              110.4604776,
              -7.0320337
            ],
            [
              110.4603976,
              -7.0320933
            ],
            [
              110.4603694,
              -7.0321572
            ],
            [
              110.4602791,
              -7.0329228
            ],
            [
              110.4601665,
              -7.0333115
            ],
            [
              110.4602309,
              -7.0336416
            ],
            [
              110.4601718,
              -7.0339557
            ],
            [
              110.460068,
              -7.0340715
            ],
            [
              110.4599358,
              -7.0342592
            ],
            [
              110.4597963,
              -7.0347543
            ],
            [
              110.4597373,
              -7.0351802
            ],
            [
              110.4595067,
              -7.0354624
            ],
            [
              110.4591419,
              -7.0357126
            ],
            [
              110.4587771,
              -7.0360481
            ],
            [
              110.4586672,
              -7.0361687
            ],
            [
              110.4582675,
              -7.0366071
            ],
            [
              110.4583992,
              -7.0368047
            ],
            [
              110.4584027,
              -7.0371246
            ],
            [
              110.4580057,
              -7.0371299
            ],
            [
              110.4565287,
              -7.0377926
            ],
            [
              110.4559881,
              -7.037687
            ],
            [
              110.4553374,
              -7.0380281
            ],
            [
              110.4549303,
              -7.038355
            ],
            [
              110.4548255,
              -7.0387555
            ],
            [
              110.4546619,
              -7.0400191
            ],
            [
              110.4542506,
              -7.0402813
            ],
            [
              110.4543928,
              -7.0405826
            ],
            [
              110.4544028,
              -7.0410226
            ],
            [
              110.4543628,
              -7.0413626
            ],
            [
              110.4541315,
              -7.0421632
            ],
            [
              110.4530675,
              -7.0425141
            ],
            [
              110.4522533,
              -7.0426807
            ],
            [
              110.4520882,
              -7.0428516
            ],
            [
              110.4519737,
              -7.0431176
            ],
            [
              110.45151,
              -7.0437127
            ],
            [
              110.4510077,
              -7.0446817
            ],
            [
              110.45082,
              -7.0451536
            ],
            [
              110.4507528,
              -7.0458026
            ],
            [
              110.4506528,
              -7.0460026
            ],
            [
              110.4502228,
              -7.0461326
            ],
            [
              110.4498728,
              -7.0463526
            ],
            [
              110.4494745,
              -7.0464169
            ],
            [
              110.448776,
              -7.0466699
            ],
            [
              110.4482343,
              -7.0466867
            ],
            [
              110.4480243,
              -7.046642
            ],
            [
              110.4475415,
              -7.0465994
            ]
          ]
        ]
      },
      "properties": {
        "kelurahan": "Sambiroto",
        "jumlah_penduduk": 15520,
        "laju_pertumbuhan_persen_2010_2020": 0.59,
        "luas_km2": 3.093,
        "kepadatan_per_km2": 5017.7
      }
    },
    {
      "type": "Feature",
      "geometry": {
        "type": "Polygon",
        "coordinates": [
          [
            [
              110.4702126,
              -7.01683
            ],
            [
              110.47017,
              -7.0167573
            ],
            [
              110.47006,
              -7.0166642
            ],
            [
              110.4699232,
              -7.0166082
            ],
            [
              110.4696348,
              -7.0165484
            ],
            [
              110.4693103,
              -7.0164805
            ],
            [
              110.468802,
              -7.0163021
            ],
            [
              110.4682589,
              -7.0161104
            ],
            [
              110.4678404,
              -7.0159667
            ],
            [
              110.4671551,
              -7.0157431
            ],
            [
              110.4667809,
              -7.0156006
            ],
            [
              110.4666843,
              -7.0158727
            ],
            [
              110.4665743,
              -7.0162015
            ],
            [
              110.4664094,
              -7.0164637
            ],
            [
              110.4662873,
              -7.0167405
            ],
            [
              110.466235,
              -7.0169801
            ],
            [
              110.4661827,
              -7.017462
            ],
            [
              110.4661908,
              -7.0177868
            ],
            [
              110.4660754,
              -7.0177695
            ],
            [
              110.4655135,
              -7.0176989
            ],
            [
              110.4648738,
              -7.0176137
            ],
            [
              110.464501,
              -7.0175139
            ],
            [
              110.464348,
              -7.0174502
            ],
            [
              110.4640249,
              -7.0173062
            ],
            [
              110.4637634,
              -7.0171891
            ],
            [
              110.4629842,
              -7.0173102
            ],
            [
              110.4627031,
              -7.0173737
            ],
            [
              110.4622305,
              -7.0174819
            ],
            [
              110.4614191,
              -7.0176789
            ],
            [
              110.4612697,
              -7.0176955
            ],
            [
              110.4607687,
              -7.0177508
            ],
            [
              110.4602577,
              -7.0177375
            ],
            [
              110.4599707,
              -7.0176976
            ],
            [
              110.4597602,
              -7.0175232
            ],
            [
              110.4594008,
              -7.0172304
            ],
            [
              110.4591206,
              -7.0170234
            ],
            [
              110.4586471,
              -7.0168138
            ],
            [
              110.4582944,
              -7.0166474
            ],
            [
              110.4580704,
              -7.0169668
            ],
            [
              110.457896,
              -7.0172783
            ],
            [
              110.4576439,
              -7.0177162
            ],
            [
              110.4573368,
              -7.0182114
            ],
            [
              110.457086,
              -7.0182979
            ],
            [
              110.4568419,
              -7.0182806
            ],
            [
              110.4561513,
              -7.0181661
            ],
            [
              110.4554886,
              -7.0180455
            ],
            [
              110.4559638,
              -7.0189306
            ],
            [
              110.4566365,
              -7.0209922
            ],
            [
              110.4564042,
              -7.0220084
            ],
            [
              110.4564305,
              -7.0221921
            ],
            [
              110.4564788,
              -7.0222406
            ],
            [
              110.4566466,
              -7.0224045
            ],
            [
              110.4570487,
              -7.0227632
            ],
            [
              110.4575463,
              -7.0231374
            ],
            [
              110.4587981,
              -7.0239635
            ],
            [
              110.4597241,
              -7.0247278
            ],
            [
              110.4598145,
              -7.024966
            ],
            [
              110.46079,
              -7.0251041
            ],
            [
              110.4609677,
              -7.0250895
            ],
            [
              110.4616015,
              -7.0241879
            ],
            [
              110.4618894,
              -7.0238137
            ],
            [
              110.4625529,
              -7.0229535
            ],
            [
              110.4627279,
              -7.0227269
            ],
            [
              110.4628423,
              -7.0226228
            ],
            [
              110.4630388,
              -7.0226532
            ],
            [
              110.4631504,
              -7.0227243
            ],
            [
              110.4647593,
              -7.0237492
            ],
            [
              110.4657299,
              -7.0241437
            ],
            [
              110.4658535,
              -7.024194
            ],
            [
              110.4659271,
              -7.0242239
            ],
            [
              110.4661515,
              -7.0243145
            ],
            [
              110.4668649,
              -7.0245919
            ],
            [
              110.4681059,
              -7.0251153
            ],
            [
              110.4685295,
              -7.0252382
            ],
            [
              110.4691376,
              -7.025485
            ],
            [
              110.4697292,
              -7.0257835
            ],
            [
              110.4701634,
              -7.0261197
            ],
            [
              110.4704695,
              -7.0267116
            ],
            [
              110.471056,
              -7.0270339
            ],
            [
              110.47115,
              -7.0276585
            ],
            [
              110.471401,
              -7.0278392
            ],
            [
              110.4717617,
              -7.0278569
            ],
            [
              110.4718957,
              -7.0278683
            ],
            [
              110.4720007,
              -7.0278386
            ],
            [
              110.4724973,
              -7.0277137
            ],
            [
              110.473127,
              -7.0277674
            ],
            [
              110.4735692,
              -7.0276515
            ],
            [
              110.4742408,
              -7.0277807
            ],
            [
              110.4748955,
              -7.0279077
            ],
            [
              110.4760427,
              -7.0277791
            ],
            [
              110.4769892,
              -7.0274493
            ],
            [
              110.4774983,
              -7.0269064
            ],
            [
              110.478185,
              -7.0258187
            ],
            [
              110.4778782,
              -7.0254008
            ],
            [
              110.4773973,
              -7.0243586
            ],
            [
              110.4771719,
              -7.0242149
            ],
            [
              110.4769463,
              -7.0241805
            ],
            [
              110.476796,
              -7.0240437
            ],
            [
              110.4764824,
              -7.0233261
            ],
            [
              110.4762748,
              -7.0226033
            ],
            [
              110.4759979,
              -7.0220416
            ],
            [
              110.4756591,
              -7.021845
            ],
            [
              110.4755172,
              -7.0218258
            ],
            [
              110.4752691,
              -7.0217111
            ],
            [
              110.4751451,
              -7.021606
            ],
            [
              110.4751358,
              -7.0213389
            ],
            [
              110.4752315,
              -7.0211768
            ],
            [
              110.4752414,
              -7.0208906
            ],
            [
              110.4751174,
              -7.0207283
            ],
            [
              110.4749267,
              -7.0205183
            ],
            [
              110.4742583,
              -7.020212
            ],
            [
              110.4741941,
              -7.0201452
            ],
            [
              110.47395,
              -7.0201
            ],
            [
              110.4736697,
              -7.0199024
            ],
            [
              110.4735041,
              -7.0197101
            ],
            [
              110.4733224,
              -7.0192897
            ],
            [
              110.4732,
              -7.01915
            ],
            [
              110.47276,
              -7.0189
            ],
            [
              110.47213,
              -7.01864
            ],
            [
              110.4714601,
              -7.0181616
            ],
            [
              110.4710135,
              -7.0178368
            ],
            [
              110.4705736,
              -7.0173816
            ],
            [
              110.4703832,
              -7.0171447
            ],
            [
              110.4702383,
              -7.0168838
            ],
            [
              110.4702126,
              -7.01683
            ]
          ]
        ]
      },
      "properties": {
        "kelurahan": "Kedungmundu",
        "jumlah_penduduk": 12770,
        "laju_pertumbuhan_persen_2010_2020": 1.83,
        "luas_km2": 1.853,
        "kepadatan_per_km2": 6891.6
      }
    }
  ]
}